Chief Executives,228270
General and Operations Managers,137640
Legislators,68580
Advertising and Promotions Managers,137630
Marketing Managers,167910
Sales Managers,134010
Public Relations and Fundraising Managers,141990
Administrative Services Managers,116820
Computer and Information Systems Managers,180250
Financial Managers,157480
Industrial Production Managers,123110
Purchasing Managers,141400
"Transportation, Storage, and Distribution Managers",107550
Compensation and Benefits Managers,150480
Human Resources Managers,142870
Training and Development Managers,132910
"Farmers, Ranchers, and Other Agricultural Managers",91670
Construction Managers,117770
"Education Administrators, Preschool and Childcare Center/Program",56650
"Education Administrators, Elementary and Secondary School",124500
"Education Administrators, Postsecondary",128090
"Education Administrators, All Other",93130
Architectural and Engineering Managers,175010
Food Service Managers,57920
Funeral Service Managers,86900
Gaming Managers,98150
Lodging Managers,72200
Medical and Health Services Managers,125770
Natural Sciences Managers,168790
Postmasters and Mail Superintendents,80620
"Property, Real Estate, and Community Association Managers",76510
Social and Community Service Managers,73640
Emergency Management Directors,118320
"Managers, All Other",143350
Business and Financial Operations Occupations,83310
"Agents and Business Managers of Artists, Performers, and Athletes",98200
Buyers and Purchasing Agents,71150
"Claims Adjusters, Examiners, and Investigators",71720
"Insurance Appraisers, Auto Damage",66100
Compliance Officers,82380
Cost Estimators,78190
Human Resources Specialists,75010
Farm Labor Contractors,56920
Labor Relations Specialists,80270
Logisticians,84260
Management Analysts,95310
"Meeting, Convention, and Event Planners",57960
Fundraisers,69940
"Compensation, Benefits, and Job Analysis Specialists",74560
Training and Development Specialists,73040
Market Research Analysts and Marketing Specialists,78090
"Business Operations Specialists, All Other",83470
Accountants and Auditors,84430
Appraisers and Assessors of Real Estate,84130
Budget Analysts,90780
Credit Analysts,89430
Financial Analysts,109640
Personal Financial Advisors,128730
Insurance Underwriters,88140
Financial Examiners,108740
Credit Counselors,53170
Loan Officers,78940
"Tax Examiners and Collectors, and Revenue Agents",66600
Tax Preparers,57040
"Financial Specialists, All Other",80720
Computer and Mathematical Occupations,108190
Computer and Information Research Scientists,136310
Computer Systems Analysts,103930
Information Security Analysts,110340
Computer Programmers,97470
"Software Developers, Applications",127950
"Software Developers, Systems Software",131700
Web Developers,86160
Database Administrators,100890
Network and Computer Systems Administrators,97810
Computer Network Architects,127500
Computer User Support Specialists,66350
Computer Network Support Specialists,75640
"Computer Occupations, All Other",103270
Actuaries,120680
Mathematicians,100000
Operations Research Analysts,95470
Statisticians,99860
Miscellaneous Mathematical Science Occupations,64030
Architecture and Engineering Occupations,100800
"Architects, Except Landscape and Naval",95060
Landscape Architects,89570
Cartographers and Photogrammetrists,84540
Surveyors,91010
Aerospace Engineers,125540
Agricultural Engineers,75350
Biomedical Engineers,101210
Chemical Engineers,103590
Civil Engineers,109680
Computer Hardware Engineers,131570
Electrical Engineers,114170
"Electronics Engineers, Except Computer",123540
Environmental Engineers,105480
"Health and Safety Engineers, Except Mining Safety Engineers and Inspectors",107290
Industrial Engineers,107810
Marine Engineers and Naval Architects,126140
Materials Engineers,107570
Mechanical Engineers,107370
"Mining and Geological Engineers, Including Mining Safety Engineers",123060
Nuclear Engineers,132180
Petroleum Engineers,142430
"Engineers, All Other",107700
Architectural and Civil Drafters,63320
Electrical and Electronics Drafters,76420
Mechanical Drafters,65710
"Drafters, All Other",56660
Aerospace Engineering and Operations Technicians,68410
Civil Engineering Technicians,67550
Electrical and Electronics Engineering Technicians,67700
Electro-Mechanical Technicians,63830
Environmental Engineering Technicians,59600
Industrial Engineering Technicians,68850
Mechanical Engineering Technicians,62510
"Engineering Technicians, Except Drafters, All Other",71420
Surveying and Mapping Technicians,69910
"Life, Physical, and Social Science Occupations",85640
Animal Scientists,56840
Food Scientists and Technologists,72580
Soil and Plant Scientists,80710
Biochemists and Biophysicists,101770
Microbiologists,102340
Zoologists and Wildlife Biologists,75840
"Biological Scientists, All Other",91340
Conservation Scientists,75980
Foresters,80030
Epidemiologists,92040
"Medical Scientists, Except Epidemiologists",102550
"Life Scientists, All Other",108880
Astronomers,113130
Physicists,115970
Atmospheric and Space Scientists,102020
Chemists,88570
Materials Scientists,102860
"Environmental Scientists and Specialists, Including Health",91890
"Geoscientists, Except Hydrologists and Geographers",97550
Hydrologists,99080
"Physical Scientists, All Other",117830
Economists,124430
Survey Researchers,75150
"Clinical, Counseling, and School Psychologists",108350
Industrial-Organizational Psychologists,149820
"Psychologists, All Other",114860
Sociologists,98560
Urban and Regional Planners,93790
Anthropologists and Archeologists,67030
Geographers,85530
Historians,88770
Political Scientists,74060
"Social Scientists and Related Workers, All Other",78970
Agricultural and Food Science Technicians,45400
Biological Technicians,53230
Chemical Technicians,48280
Geological and Petroleum Technicians,52900
Nuclear Technicians,95420
Social Science Research Assistants,49630
"Environmental Science and Protection Technicians, Including Health",60090
Forensic Science Technicians,85280
Forest and Conservation Technicians,41010
"Life, Physical, and Social Science Technicians, All Other",56670
Community and Social Service Occupations,58120
"Educational, Guidance, School, and Vocational Counselors",74530
Marriage and Family Therapists,51950
Rehabilitation Counselors,37250
"Substance Abuse, Behavioral Disorder, and Mental Health Counselors",50950
"Counselors, All Other",56500
"Child, Family, and School Social Workers",59500
Healthcare Social Workers,76450
Mental Health and Substance Abuse Social Workers,61640
"Social Workers, All Other",72200
Health Educators,65000
Probation Officers and Correctional Treatment Specialists,89240
Social and Human Service Assistants,43330
Community Health Workers,49260
"Community and Social Service Specialists, All Other",49830
Clergy,67140
"Directors, Religious Activities and Education",50650
"Religious Workers, All Other",36790
Legal Occupations,130560
Lawyers,171550
Judicial Law Clerks,63610
"Administrative Law Judges, Adjudicators, and Hearing Officers",117810
"Arbitrators, Mediators, and Conciliators",97430
"Judges, Magistrate Judges, and Magistrates",178700
Paralegals and Legal Assistants,61240
Court Reporters,87750
"Title Examiners, Abstractors, and Searchers",58180
"Legal Support Workers, All Other",56420
"Education, Training, and Library Occupations",66050
"Business Teachers, Postsecondary",137530
"Computer Science Teachers, Postsecondary",140720
"Mathematical Science Teachers, Postsecondary",127480
"Architecture Teachers, Postsecondary",98610
"Engineering Teachers, Postsecondary",129790
"Agricultural Sciences Teachers, Postsecondary",97290
"Biological Science Teachers, Postsecondary",128370
"Forestry and Conservation Science Teachers, Postsecondary",133470
"Atmospheric, Earth, Marine, and Space Sciences Teachers, Postsecondary",124250
"Chemistry Teachers, Postsecondary",116530
"Environmental Science Teachers, Postsecondary",135840
"Physics Teachers, Postsecondary",138250
"Anthropology and Archeology Teachers, Postsecondary",115610
"Area, Ethnic, and Cultural Studies Teachers, Postsecondary",96200
"Economics Teachers, Postsecondary",139050
"Political Science Teachers, Postsecondary",112360
"Psychology Teachers, Postsecondary",117990
"Sociology Teachers, Postsecondary",103600
"Social Sciences Teachers, Postsecondary, All Other",147680
"Health Specialties Teachers, Postsecondary",161770
"Nursing Instructors and Teachers, Postsecondary",101320
"Education Teachers, Postsecondary",84160
"Library Science Teachers, Postsecondary",99110
"Criminal Justice and Law Enforcement Teachers, Postsecondary",111240
"Law Teachers, Postsecondary",136920
"Social Work Teachers, Postsecondary",110020
"Art, Drama, and Music Teachers, Postsecondary",115460
"English Language and Literature Teachers, Postsecondary",114110
"Foreign Language and Literature Teachers, Postsecondary",114690
"History Teachers, Postsecondary",103940
"Philosophy and Religion Teachers, Postsecondary",114370
Graduate Teaching Assistants,36350
"Home Economics Teachers, Postsecondary",93960
"Recreation and Fitness Studies Teachers, Postsecondary",114220
"Vocational Education Teachers, Postsecondary",71280
"Preschool Teachers, Except Special Education",37850
"Kindergarten Teachers, Except Special Education",69690
"Elementary School Teachers, Except Special Education",80100
"Middle School Teachers, Except Special and Career/Technical Education",75660
"Career/Technical Education Teachers, Middle School",57790
"Secondary School Teachers, Except Special and Career/Technical Education",80510
"Career/Technical Education Teachers, Secondary School",77580
"Special Education Teachers, Preschool",47870
"Special Education Teachers, Kindergarten and Elementary School",80370
"Special Education Teachers, Middle School",76860
"Special Education Teachers, Secondary School",82380
"Special Education Teachers, All Other",66640
Adult Basic and Secondary Education and Literacy Teachers and Instructors,77280
Self-Enrichment Education Teachers,48510
"Teachers and Instructors, All Other, Except Substitute Teachers",52060
Substitute Teachers,42010
Archivists,72240
Curators,67650
Museum Technicians and Conservators,48120
Librarians,81580
Library Technicians,45750
Audio-Visual and Multimedia Collections Specialists,51270
Instructional Coordinators,80860
Teacher Assistants,35350
"Education, Training, and Library Workers, All Other",50110
"Arts, Design, Entertainment, Sports, and Media Occupations",72750
Art Directors,127630
Craft Artists,48280
"Fine Artists, Including Painters, Sculptors, and Illustrators",76230
Multimedia Artists and Animators,87960
"Artists and Related Workers, All Other",70260
Commercial and Industrial Designers,77580
Fashion Designers,95250
Floral Designers,34020
Graphic Designers,61100
Interior Designers,68440
Merchandise Displayers and Window Trimmers,33720
Set and Exhibit Designers,67520
"Designers, All Other",85240
Producers and Directors,115080
Athletes and Sports Competitors,125160
Coaches and Scouts,45600
"Umpires, Referees, and Other Sports Officials",32780
Choreographers,70020
Music Directors and Composers,64600
Radio and Television Announcers,78840
Public Address System and Other Announcers,42130
Broadcast News Analysts,102480
Reporters and Correspondents,67820
Public Relations Specialists,72910
Editors,78150
Technical Writers,91310
Writers and Authors,96910
Interpreters and Translators,58180
"Media and Communication Workers, All Other",55580
Audio and Video Equipment Technicians,56710
Broadcast Technicians,46140
Photographers,52720
"Camera Operators, Television, Video, and Motion Picture",77540
Film and Video Editors,112530
"Media and Communication Equipment Workers, All Other",82490
Healthcare Practitioners and Technical Occupations,98910
Chiropractors,80550
"Dentists, General",151490
Oral and Maxillofacial Surgeons,264380
Orthodontists,197390
"Dentists, All Other Specialists",184140
Dietitians and Nutritionists,74060
Optometrists,117180
Pharmacists,139690
Anesthesiologists,288420
Family and General Practitioners,197860
"Internists, General",207050
Obstetricians and Gynecologists,216800
"Pediatricians, General",185910
Psychiatrists,255790
Surgeons,221490
"Physicians and Surgeons, All Other",208740
Physician Assistants,117230
Podiatrists,120750
Occupational Therapists,95160
Physical Therapists,97110
Radiation Therapists,114280
Recreational Therapists,75810
Respiratory Therapists,79640
Speech-Language Pathologists,93510
Exercise Physiologists,89030
"Therapists, All Other",63060
Veterinarians,121750
Registered Nurses,106950
Nurse Anesthetists,212210
Nurse Midwives,139990
Nurse Practitioners,133780
Audiologists,100960
"Health Diagnosing and Treating Practitioners, All Other",74080
Clinical Laboratory Technologists and Technicians,60530
Dental Hygienists,100830
Cardiovascular Technologists and Technicians,72960
Diagnostic Medical Sonographers,92660
Nuclear Medicine Technologists,112040
Radiologic Technologists,81060
Magnetic Resonance Imaging Technologists,90890
Emergency Medical Technicians and Paramedics,39350
Dietetic Technicians,35250
Pharmacy Technicians,42610
Psychiatric Technicians,64500
Respiratory Therapy Technicians,48150
Surgical Technologists,60940
Veterinary Technologists and Technicians,41920
Ophthalmic Medical Technicians,41890
Licensed Practical and Licensed Vocational Nurses,56200
Medical Records and Health Information Technicians,51880
"Opticians, Dispensing",42760
Orthotists and Prosthetists,88460
Hearing Aid Specialists,55750
"Health Technologists and Technicians, All Other",50150
Occupational Health and Safety Specialists,88400
Occupational Health and Safety Technicians,60970
Athletic Trainers,58060
Genetic Counselors,89530
"Healthcare Practitioners and Technical Workers, All Other",74900
Healthcare Support Occupations,38390
Home Health Aides,33680
Psychiatric Aides,32660
Nursing Assistants,35220
Orderlies,39410
Occupational Therapy Assistants,67470
Occupational Therapy Aides,35240
Physical Therapist Assistants,64210
Physical Therapist Aides,31090
Massage Therapists,41460
Dental Assistants,41030
Medical Assistants,38250
Medical Equipment Preparers,47430
Medical Transcriptionists,40480
Pharmacy Aides,33730
Veterinary Assistants and Laboratory Animal Caretakers,32480
Phlebotomists,45030
"Healthcare Support Workers, All Other",44820
Protective Service Occupations,61150
First-Line Supervisors of Correctional Officers,100910
First-Line Supervisors of Police and Detectives,154430
First-Line Supervisors of Fire Fighting and Prevention Workers,134870
"First-Line Supervisors of Protective Service Workers, All Other",57600
Firefighters,81580
Fire Inspectors and Investigators,103830
Forest Fire Inspectors and Prevention Specialists,82000
Bailiffs,64010
Correctional Officers and Jailers,75400
Detectives and Criminal Investigators,107120
Fish and Game Wardens,76240
Parking Enforcement Workers,55310
Police and Sheriff's Patrol Officers,101380
Animal Control Workers,54620
Private Detectives and Investigators,67970
Gaming Surveillance Officers and Gaming Investigators,40020
Security Guards,33070
Crossing Guards,37450
"Lifeguards, Ski Patrol, and Other Recreational Protective Service Workers",34430
"Protective Service Workers, All Other",39840
Food Preparation and Serving Related Occupations,28930
Chefs and Head Cooks,51400
First-Line Supervisors of Food Preparation and Serving Workers,37230
"Cooks, Fast Food",25330
"Cooks, Institution and Cafeteria",35680
"Cooks, Private Household",40080
"Cooks, Restaurant",30620
"Cooks, Short Order",28530
"Cooks, All Other",33910
Food Preparation Workers,27910
Bartenders,30850
"Combined Food Preparation and Serving Workers, Including Fast Food",26080
"Counter Attendants, Cafeteria, Food Concession, and Coffee Shop",28120
Waiters and Waitresses,30250
"Food Servers, Nonrestaurant",30350
Dining Room and Cafeteria Attendants and Bartender Helpers,27020
Dishwashers,25650
"Hosts and Hostesses, Restaurant, Lounge, and Coffee Shop",26850
"Food Preparation and Serving Related Workers, All Other",26500
Building and Grounds Cleaning and Maintenance Occupations,34530
First-Line Supervisors of Housekeeping and Janitorial Workers,46780
"First-Line Supervisors of Landscaping, Lawn Service, and Groundskeeping Workers",59640
"Janitors and Cleaners, Except Maids and Housekeeping Cleaners",33570
Maids and Housekeeping Cleaners,30340
"Building Cleaning Workers, All Other",42590
Pest Control Workers,42100
Landscaping and Groundskeeping Workers,34510
"Pesticide Handlers, Sprayers, and Applicators, Vegetation",50560
Tree Trimmers and Pruners,48010
"Grounds Maintenance Workers, All Other",38920
Personal Care and Service Occupations,29750
First-Line Supervisors of Gaming Workers,52620
First-Line Supervisors of Personal Service Workers,43620
Animal Trainers,41600
Nonfarm Animal Caretakers,29830
Gaming Dealers,25650
Gaming and Sports Book Writers and Runners,31720
"Gaming Service Workers, All Other",33410
Motion Picture Projectionists,31730
"Ushers, Lobby Attendants, and Ticket Takers",26710
Amusement and Recreation Attendants,26660
Costume Attendants,46140
"Locker Room, Coatroom, and Dressing Room Attendants",34810
"Entertainment Attendants and Related Workers, All Other",34570
Embalmers,50280
Funeral Attendants,37610
"Morticians, Undertakers, and Funeral Directors",51350
Barbers,35850
"Hairdressers, Hairstylists, and Cosmetologists",31400
"Makeup Artists, Theatrical and Performance",79820
Manicurists and Pedicurists,26260
Shampooers,25510
Skincare Specialists,34780
Baggage Porters and Bellhops,30130
Concierges,35910
Tour and Travel Guides,33220
Childcare Workers,28630
Personal Care Aides,27210
Fitness Trainers and Aerobics Instructors,51580
Recreation Workers,31180
Residential Advisors,34830
"Personal Care and Service Workers, All Other",29990
Sales and Related Occupations,45070
First-Line Supervisors of Retail Sales Workers,45310
First-Line Supervisors of Non-Retail Sales Workers,72740
Cashiers,27450
Gaming Change Persons and Booth Cashiers,28520
Counter and Rental Clerks,34410
Parts Salespersons,36650
Retail Salespersons,31460
Advertising Sales Agents,70720
Insurance Sales Agents,76420
"Securities, Commodities, and Financial Services Sales Agents",81610
Travel Agents,47460
"Sales Representatives, Services, All Other",67280
"Sales Representatives, Wholesale and Manufacturing, Technical and Scientific Products",94600
"Sales Representatives, Wholesale and Manufacturing, Except Technical and Scientific Products",72780
Demonstrators and Product Promoters,36510
Models,43810
Real Estate Brokers,86000
Real Estate Sales Agents,73450
Sales Engineers,117170
Telemarketers,31880
"Door-to-Door Sales Workers, News and Street Vendors, and Related Workers",38120
"Sales and Related Workers, All Other",49900
Office and Administrative Support Occupations,43240
First-Line Supervisors of Office and Administrative Support Workers,62560
"Switchboard Operators, Including Answering Service",36160
Telephone Operators,41900
"Communications Equipment Operators, All Other",54250
Bill and Account Collectors,44340
Billing and Posting Clerks,44080
"Bookkeeping, Accounting, and Auditing Clerks",47750
Gaming Cage Workers,29940
Payroll and Timekeeping Clerks,51520
Procurement Clerks,45030
Tellers,32120
"Financial Clerks, All Other",41570
Brokerage Clerks,58130
Correspondence Clerks,45530
"Court, Municipal, and License Clerks",51550
"Credit Authorizers, Checkers, and Clerks",42680
Customer Service Representatives,41850
"Eligibility Interviewers, Government Programs",53200
File Clerks,36820
"Hotel, Motel, and Resort Desk Clerks",29880
"Interviewers, Except Eligibility and Loan",42970
"Library Assistants, Clerical",35540
Loan Interviewers and Clerks,46480
New Accounts Clerks,41070
Order Clerks,38160
"Human Resources Assistants, Except Payroll and Timekeeping",44600
Receptionists and Information Clerks,33190
Reservation and Transportation Ticket Agents and Travel Clerks,41160
"Information and Record Clerks, All Other",46860
Cargo and Freight Agents,45830
Couriers and Messengers,34620
"Police, Fire, and Ambulance Dispatchers",65530
"Dispatchers, Except Police, Fire, and Ambulance",45370
"Meter Readers, Utilities",61010
Postal Service Clerks,53660
Postal Service Mail Carriers,53680
"Postal Service Mail Sorters, Processors, and Processing Machine Operators",51520
"Production, Planning, and Expediting Clerks",52480
"Shipping, Receiving, and Traffic Clerks",36320
Stock Clerks and Order Fillers,30900
"Weighers, Measurers, Checkers, and Samplers, Recordkeeping",34420
Executive Secretaries and Executive Administrative Assistants,71590
Legal Secretaries,56570
Medical Secretaries,42900
"Secretaries and Administrative Assistants, Except Legal, Medical, and Executive",43670
Computer Operators,52480
Data Entry Keyers,35300
Word Processors and Typists,44790
Desktop Publishers,56370
Insurance Claims and Policy Processing Clerks,42690
"Mail Clerks and Mail Machine Operators, Except Postal Service",34030
"Office Clerks, General",38060
"Office Machine Operators, Except Computer",38170
Proofreaders and Copy Markers,44250
Statistical Assistants,50250
"Office and Administrative Support Workers, All Other",37940
"Farming, Fishing, and Forestry Occupations",27520
"First-Line Supervisors of Farming, Fishing, and Forestry Workers",47360
Agricultural Inspectors,49950
Animal Breeders,39360
"Graders and Sorters, Agricultural Products",25140
Agricultural Equipment Operators,32180
"Farmworkers and Laborers, Crop, Nursery, and Greenhouse",26240
"Farmworkers, Farm, Ranch, and Aquacultural Animals",31500
"Agricultural Workers, All Other",38230
Forest and Conservation Workers,24720
Fallers,56720
Logging Equipment Operators,51520
Log Graders and Scalers,40480
"Logging Workers, All Other",48260
Construction and Extraction Occupations,59630
First-Line Supervisors of Construction Trades and Extraction Workers,82460
Boilermakers,70120
Brickmasons and Blockmasons,59880
Stonemasons,46860
Carpenters,59860
Carpet Installers,47790
"Floor Layers, Except Carpet, Wood, and Hard Tiles",51360
Floor Sanders and Finishers,50470
Tile and Marble Setters,50820
Cement Masons and Concrete Finishers,56890
Terrazzo Workers and Finishers,58060
Construction Laborers,48250
"Paving, Surfacing, and Tamping Equipment Operators",58370
Pile-Driver Operators,80030
Operating Engineers and Other Construction Equipment Operators,73130
Drywall and Ceiling Tile Installers,61820
Tapers,62060
Electricians,69320
Glaziers,60010
"Insulation Workers, Floor, Ceiling, and Wall",53750
"Insulation Workers, Mechanical",73060
"Painters, Construction and Maintenance",49150
Paperhangers,50130
Pipelayers,52850
"Plumbers, Pipefitters, and Steamfitters",61410
Plasterers and Stucco Masons,52510
Reinforcing Iron and Rebar Workers,44890
Roofers,50740
Sheet Metal Workers,56310
Structural Iron and Steel Workers,67130
Solar Photovoltaic Installers,46390
"Helpers--Brickmasons, Blockmasons, Stonemasons, and Tile and Marble Setters",39100
Helpers--Carpenters,36150
Helpers--Electricians,37970
"Helpers--Painters, Paperhangers, Plasterers, and Stucco Masons",36070
"Helpers--Pipelayers, Plumbers, Pipefitters, and Steamfitters",34500
Helpers--Roofers,40030
"Helpers, Construction Trades, All Other",33840
Construction and Building Inspectors,89680
Elevator Installers and Repairers,87820
Fence Erectors,42170
Hazardous Materials Removal Workers,49470
Highway Maintenance Workers,57070
Rail-Track Laying and Maintenance Equipment Operators,51330
Septic Tank Servicers and Sewer Pipe Cleaners,44160
Miscellaneous Construction and Related Workers,45290
"Derrick Operators, Oil and Gas",52300
"Rotary Drill Operators, Oil and Gas",66630
"Service Unit Operators, Oil, Gas, and Mining",56730
"Earth Drillers, Except Oil and Gas",56080
"Explosives Workers, Ordnance Handling Experts, and Blasters",68980
Continuous Mining Machine Operators,47490
Mine Cutting and Channeling Machine Operators,58290
"Rock Splitters, Quarry",43850
"Roustabouts, Oil and Gas",38260
Helpers--Extraction Workers,41110
"Installation, Maintenance, and Repair Occupations",54360
"First-Line Supervisors of Mechanics, Installers, and Repairers",80650
"Computer, Automated Teller, and Office Machine Repairers",43900
"Radio, Cellular, and Tower Equipment Installers and Repairers",55150
"Telecommunications Equipment Installers and Repairers, Except Line Installers",60110
Avionics Technicians,70710
"Electric Motor, Power Tool, and Related Repairers",47380
"Electrical and Electronics Installers and Repairers, Transportation Equipment",73920
"Electrical and Electronics Repairers, Commercial and Industrial Equipment",64060
"Electrical and Electronics Repairers, Powerhouse, Substation, and Relay",97230
"Electronic Equipment Installers and Repairers, Motor Vehicles",37850
Electronic Home Entertainment Equipment Installers and Repairers,45530
Security and Fire Alarm Systems Installers,51700
Aircraft Mechanics and Service Technicians,70750
Automotive Body and Related Repairers,51320
Automotive Glass Installers and Repairers,33420
Automotive Service Technicians and Mechanics,48720
Bus and Truck Mechanics and Diesel Engine Specialists,56830
Farm Equipment Mechanics and Service Technicians,47310
"Mobile Heavy Equipment Mechanics, Except Engines",65160
Rail Car Repairers,55320
Motorboat Mechanics and Service Technicians,45490
Motorcycle Mechanics,46460
Outdoor Power Equipment and Other Small Engine Mechanics,39390
Bicycle Repairers,34070
Recreational Vehicle Service Technicians,43700
Tire Repairers and Changers,33490
Mechanical Door Repairers,48650
"Control and Valve Installers and Repairers, Except Mechanical Door",65220
"Heating, Air Conditioning, and Refrigeration Mechanics and Installers",58130
Home Appliance Repairers,45660
Industrial Machinery Mechanics,59140
"Maintenance Workers, Machinery",55170
Millwrights,71350
Electrical Power-Line Installers and Repairers,92910
Telecommunications Line Installers and Repairers,66200
Camera and Photographic Equipment Repairers,43430
Medical Equipment Repairers,60790
Musical Instrument Repairers and Tuners,41720
Watch Repairers,49950
"Precision Instrument and Equipment Repairers, All Other",58760
"Maintenance and Repair Workers, General",45800
Wind Turbine Service Technicians,57770
"Coin, Vending, and Amusement Machine Servicers and Repairers",38490
Commercial Divers,70540
"Fabric Menders, Except Garment",30060
Locksmiths and Safe Repairers,50620
Riggers,57610
Signal and Track Switch Repairers,83960
"Helpers--Installation, Maintenance, and Repair Workers",33720
"Installation, Maintenance, and Repair Workers, All Other",46210
Production Occupations,40320
First-Line Supervisors of Production and Operating Workers,67800
"Aircraft Structure, Surfaces, Rigging, and Systems Assemblers",49600
"Coil Winders, Tapers, and Finishers",32440
"Electrical, Electronic, and Electromechanical Assemblers, Except Coil Winders, Tapers, and Finishers",37940
Engine and Other Machine Assemblers,40860
Structural Metal Fabricators and Fitters,40270
Fiberglass Laminators and Fabricators,37450
"Assemblers and Fabricators, All Other, Including Team Assemblers",34530
Bakers,30710
Butchers and Meat Cutters,34450
"Meat, Poultry, and Fish Cutters and Trimmers",28360
Slaughterers and Meat Packers,27980
"Food and Tobacco Roasting, Baking, and Drying Machine Operators and Tenders",33920
Food Batchmakers,31090
Food Cooking Machine Operators and Tenders,30120
"Food Processing Workers, All Other",28430
"Computer-Controlled Machine Tool Operators, Metal and Plastic",42930
"Computer Numerically Controlled Machine Tool Programmers, Metal and Plastic",66560
"Extruding and Drawing Machine Setters, Operators, and Tenders, Metal and Plastic",34520
"Forging Machine Setters, Operators, and Tenders, Metal and Plastic",38450
"Rolling Machine Setters, Operators, and Tenders, Metal and Plastic",43010
"Cutting, Punching, and Press Machine Setters, Operators, and Tenders, Metal and Plastic",37430
"Drilling and Boring Machine Tool Setters, Operators, and Tenders, Metal and Plastic",39330
"Grinding, Lapping, Polishing, and Buffing Machine Tool Setters, Operators, and Tenders, Metal and Plastic",34580
"Lathe and Turning Machine Tool Setters, Operators, and Tenders, Metal and Plastic",40280
"Milling and Planing Machine Setters, Operators, and Tenders, Metal and Plastic",42690
Machinists,47450
Metal-Refining Furnace Operators and Tenders,41250
"Pourers and Casters, Metal",35710
"Model Makers, Metal and Plastic",58710
"Patternmakers, Metal and Plastic",46870
Foundry Mold and Coremakers,36330
"Molding, Coremaking, and Casting Machine Setters, Operators, and Tenders, Metal and Plastic",35730
"Multiple Machine Tool Setters, Operators, and Tenders, Metal and Plastic",37350
Tool and Die Makers,57190
"Welders, Cutters, Solderers, and Brazers",46560
"Welding, Soldering, and Brazing Machine Setters, Operators, and Tenders",40780
"Heat Treating Equipment Setters, Operators, and Tenders, Metal and Plastic",42390
"Layout Workers, Metal and Plastic",41790
"Plating and Coating Machine Setters, Operators, and Tenders, Metal and Plastic",35570
"Tool Grinders, Filers, and Sharpeners",41060
"Metal Workers and Plastic Workers, All Other",43120
Prepress Technicians and Workers,42670
Printing Press Operators,39380
Print Binding and Finishing Workers,36190
Laundry and Dry-Cleaning Workers,28600
"Pressers, Textile, Garment, and Related Materials",26530
Sewing Machine Operators,26670
Shoe and Leather Workers and Repairers,32210
Shoe Machine Operators and Tenders,30580
"Sewers, Hand",29700
"Tailors, Dressmakers, and Custom Sewers",43200
Textile Bleaching and Dyeing Machine Operators and Tenders,28680
"Textile Cutting Machine Setters, Operators, and Tenders",31870
"Textile Knitting and Weaving Machine Setters, Operators, and Tenders",27150
"Textile Winding, Twisting, and Drawing Out Machine Setters, Operators, and Tenders",36070
"Extruding and Forming Machine Setters, Operators, and Tenders, Synthetic and Glass Fibers",36650
Fabric and Apparel Patternmakers,54490
Upholsterers,37980
"Textile, Apparel, and Furnishings Workers, All Other",28730
Cabinetmakers and Bench Carpenters,37520
Furniture Finishers,36710
"Patternmakers, Wood",56990
"Sawing Machine Setters, Operators, and Tenders, Wood",32350
"Woodworking Machine Setters, Operators, and Tenders, Except Sawing",32360
"Woodworkers, All Other",44570
Power Distributors and Dispatchers,93200
Power Plant Operators,93610
Stationary Engineers and Boiler Operators,84160
Water and Wastewater Treatment Plant and System Operators,72650
Chemical Plant and System Operators,58160
Gas Plant Operators,101610
"Petroleum Pump System Operators, Refinery Operators, and Gaugers",81310
"Plant and System Operators, All Other",69480
Chemical Equipment Operators and Tenders,56730
"Separating, Filtering, Clarifying, Precipitating, and Still Machine Setters, Operators, and Tenders",47490
"Crushing, Grinding, and Polishing Machine Setters, Operators, and Tenders",33680
"Grinding and Polishing Workers, Hand",33260
"Mixing and Blending Machine Setters, Operators, and Tenders",42530
"Cutters and Trimmers, Hand",31940
"Cutting and Slicing Machine Setters, Operators, and Tenders",35820
"Extruding, Forming, Pressing, and Compacting Machine Setters, Operators, and Tenders",36390
"Furnace, Kiln, Oven, Drier, and Kettle Operators and Tenders",39730
"Inspectors, Testers, Sorters, Samplers, and Weighers",45120
Jewelers and Precious Stone and Metal Workers,40940
Dental Laboratory Technicians,43340
Medical Appliance Technicians,48370
Ophthalmic Laboratory Technicians,36400
Packaging and Filling Machine Operators and Tenders,32480
"Coating, Painting, and Spraying Machine Setters, Operators, and Tenders",37350
"Painters, Transportation Equipment",44780
"Painting, Coating, and Decorating Workers",37990
Semiconductor Processors,43390
Photographic Process Workers and Processing Machine Operators,47360
Adhesive Bonding Machine Operators and Tenders,36610
"Cleaning, Washing, and Metal Pickling Equipment Operators and Tenders",39090
Cooling and Freezing Equipment Operators and Tenders,35460
Etchers and Engravers,35000
"Molders, Shapers, and Casters, Except Metal and Plastic",36050
"Paper Goods Machine Setters, Operators, and Tenders",36630
Tire Builders,30630
Helpers--Production Workers,29770
"Production Workers, All Other",34400
Transportation and Material Moving Occupations,39530
Aircraft Cargo Handling Supervisors,48500
"First-Line Supervisors of Transportation and Material Moving Workers, Except Aircraft Cargo Handling Supervisors",59650
"Airline Pilots, Copilots, and Flight Engineers",205520
Commercial Pilots,97720
Air Traffic Controllers,132300
Airfield Operations Specialists,58300
Flight Attendants,51990
"Ambulance Drivers and Attendants, Except Emergency Medical Technicians",36020
"Bus Drivers, Transit and Intercity",49560
"Bus Drivers, School or Special Client",38830
Driver/Sales Workers,37080
Heavy and Tractor-Trailer Truck Drivers,47300
Light Truck or Delivery Services Drivers,40110
Taxi Drivers and Chauffeurs,32990
Locomotive Engineers,80330
"Rail Yard Engineers, Dinkey Operators, and Hostlers",55480
Railroad Conductors and Yardmasters,75170
Subway and Streetcar Operators,57550
"Rail Transportation Workers, All Other",70000
Sailors and Marine Oilers,44960
"Captains, Mates, and Pilots of Water Vessels",70840
Motorboat Operators,47420
Ship Engineers,66870
Bridge and Lock Tenders,51520
Parking Lot Attendants,28250
Automotive and Watercraft Service Attendants,30450
Traffic Technicians,61750
Transportation Inspectors,76290
"Transportation Attendants, Except Flight Attendants",38420
Conveyor Operators and Tenders,36170
Crane and Tower Operators,63850
Dredge Operators,62270
Excavating and Loading Machine and Dragline Operators,65510
Hoist and Winch Operators,57950
Industrial Truck and Tractor Operators,37940
Cleaners of Vehicles and Equipment,28840
"Laborers and Freight, Stock, and Material Movers, Hand",32380
Machine Feeders and Offbearers,30580
"Packers and Packagers, Hand",27880
Gas Compressor and Gas Pumping Station Operators,70490
"Pump Operators, Except Wellhead Pumpers",54750
Wellhead Pumpers,47940
Refuse and Recyclable Material Collectors,53730
"Tank Car, Truck, and Ship Loaders",34810
"Material Moving Workers, All Other",30390
